{"categories":[{"title":"New","filter":{"tags":["#new"]}},{"title":"Hip-Hop","filter":{"tags":["#hiphop","#rnb","#triphop","#grime","#beat","#freebeat","#rap","#beatbox"]}},{"title":"Trap","filter":{"tags":["#trap"]}},{"title":"EDM","filter":{"tags":["#edm","#futuregarage","#futurebass"]}},{"title":"Dubstep","filter":{"tags":["#dubstep"]}},{"title":"House","filter":{"tags":["#house","#basshouse"]}},{"title":"Electronic","filter":{"tags":["#electronic","#acid","#synth","#breakbeat"]}},{"title":"Drum and Bass","filter":{"tags":["#drumandbass","#jungle"]}},{"title":"Other","filter":{"tags":["#other","#latin","#guitar","#folk","#sax","#funk","#dub","#techno","#drums","#reggaeton","#movie","#orchestral","#epic"]}}],"presets":{"2":{"id":"2","name":"Acoustic Drums","author":"MAQS","price":10,"tags":["#drums"],"DELETED":true,"orderBy":"1","timestamp":1700085893},"3":{"id":"3","name":"Electro Drums","author":"MAQS","price":10,"tags":["#drums"],"DELETED":true,"orderBy":"2","timestamp":1700085893},"4":{"id":"4","name":"Hip-Hop Drums","author":"MAQS","price":10,"tags":["#drums"],"DELETED":true,"orderBy":"3","timestamp":1700085893},"6":{"id":"6","name":"Dubstep Warrior","author":"MAQS","price":10,"tags":["#dubstep"],"DELETED":true,"orderBy":"5","timestamp":1700085893},"7":{"id":"7","name":"Dubstep Fusion","author":"MAQS","price":10,"tags":["#dubstep","#bass"],"DELETED":true,"orderBy":"6","timestamp":1700085893},"8":{"id":"8","name":"This is Trap","author":"MAQS","price":10,"tags":["#trap","#hiphop"],"DELETED":true,"orderBy":"7","timestamp":1700085893},"9":{"id":"9","name":"D&B Ultra","author":"MAQS","price":10,"tags":["#drumandbass"],"DELETED":true,"orderBy":"8","timestamp":1700085893},"10":{"id":"10","name":"Night City Beat","author":"MAQS","price":10,"tags":["#electronic","#edm"],"DELETED":true,"orderBy":"10","timestamp":1700085893},"11":{"id":"11","name":"Hip-Hop District","author":"MAQS","price":10,"tags":["#hiphop"],"DELETED":true,"orderBy":"11","timestamp":1700085893},"12":{"id":"12","name":"Moombahton Style","author":"MAQS","price":10,"tags":["#hiphop"],"DELETED":true,"orderBy":"12","timestamp":1700085893},"13":{"id":"13","name":"Break the Beat","author":"MAQS","price":10,"tags":["#electro","#synth"],"DELETED":true,"orderBy":"13","timestamp":1700085893},"14":{"id":"14","name":"Poptronic","author":"MAQS","price":10,"tags":["#electronic","#synth"],"DELETED":true,"orderBy":"14","timestamp":1700085893},"15":{"id":"15","name":"Electrohouse","author":"MAQS","price":10,"tags":["#house","#electro","#synth"],"DELETED":true,"orderBy":"15","timestamp":1700085893},"16":{"id":"16","name":"Trap 4 U","author":"MAQS","price":10,"tags":["#trap","#hiphop"],"DELETED":true,"orderBy":"19","timestamp":1700085893},"17":{"id":"17","name":"Classic Bigbeat","author":"MAQS","price":10,"tags":["#electro","#synth"],"DELETED":true,"orderBy":"16","timestamp":1700085893},"18":{"id":"18","name":"Sunday Chill","author":"MAQS","price":10,"tags":["#hiphop","#classic"],"DELETED":true,"orderBy":"17","timestamp":1700085893},"19":{"id":"19","name":"Neurofunk","author":"MAQS","price":10,"tags":["#drumandbass","#electro"],"DELETED":true,"orderBy":"18","timestamp":1700085893},"20":{"id":"20","name":"Dubstep Ninja","author":"MAQS","price":10,"tags":["#dubstep"],"DELETED":true,"orderBy":"20","timestamp":1700085893},"21":{"id":"21","name":"Dirty Bass Trap","author":"MAQS","price":10,"tags":["#trap","#hiphop"],"DELETED":true,"orderBy":"21","timestamp":1700085893},"22":{"id":"22","name":"Poptronic 2","author":"MAQS","price":10,"tags":["#electronic","#synth"],"DELETED":true,"orderBy":"23","timestamp":1700085893},"23":{"id":"23","name":"Trancemotion","author":"MAQS","price":10,"tags":["#electro","#synth","#retro"],"DELETED":true,"orderBy":"22","timestamp":1700085893},"24":{"id":"24","name":"Dreamhouse","author":"MAQS","tags":["#house"],"DELETED":true,"orderBy":"132","timestamp":1700085893},"25":{"id":"25","name":"Earshot/Titan","author":"MATTA","price":10,"tags":["#dubstep","#easyplay"],"orderBy":"24","timestamp":1700085893},"26":{"id":"26","name":"UK Garage","author":"MAQS","price":10,"tags":["#electronic","#house","#synth","#easyplay"],"orderBy":"25","timestamp":1700085893},"27":{"id":"27","name":"Summer Beats","author":"MAQS","price":10,"tags":["#house","#electro"],"DELETED":true,"orderBy":"26","timestamp":1700085893},"28":{"id":"28","name":"Technopop","author":"MAQS","price":10,"tags":["#electro","#synth","#retro"],"DELETED":true,"orderBy":"27","timestamp":1700085893},"29":{"id":"29","name":"Move Your Bass!","author":"MAQS","tags":["#electronic","#synth","#easyplay"],"orderBy":"9","timestamp":1700085893},"30":{"id":"30","name":"Monster Beat","author":"MAQS","price":10,"tags":["#dubstep"],"DELETED":true,"orderBy":"28","timestamp":1700085893},"31":{"id":"31","name":"Vinyl Soul","author":"MAQS","price":10,"tags":["#hiphop"],"DELETED":true,"orderBy":"29","timestamp":1700085893},"32":{"id":"32","name":"First Light","author":"Arthur Romashkan","price":10,"tags":["#edm","#hiphop"],"DELETED":true,"orderBy":"30","timestamp":1700085893},"33":{"id":"33","name":"Funny Robot","author":"MAQS","price":10,"tags":["#electro","#synth","#retro"],"DELETED":true,"orderBy":"32","timestamp":1700085893},"34":{"id":"34","name":"Club Attack","author":"MAQS","tags":["#edm"],"DELETED":true,"orderBy":"4","timestamp":1700085893},"35":{"id":"35","name":"Dubstep Fury","author":"MAQS","price":10,"tags":["#dubstep"],"DELETED":true,"orderBy":"33","timestamp":1700085893},"36":{"id":"36","name":"Epic Storm","author":"Arthur Romashkan","price":10,"tags":["#edm"],"DELETED":true,"orderBy":"34","timestamp":1700085893},"37":{"id":"37","name":"Future Bass","author":"MAQS","price":10,"tags":["#futurebass","#dubstep"],"DELETED":true,"orderBy":"35","timestamp":1700085893},"38":{"id":"38","name":"Minimal House","author":"MAQS","tags":["#house","#edm"],"DELETED":true,"orderBy":"31","timestamp":1700085893},"39":{"id":"39","name":"Second Breathe","author":"Arthur Romashkan","price":10,"tags":["#hiphop","#dubstep"],"DELETED":true,"orderBy":"38","timestamp":1700085893},"40":{"id":"40","name":"Dub Techno","author":"MAQS","price":10,"tags":["#dub","#techno"],"DELETED":true,"orderBy":"39","timestamp":1700085893},"41":{"id":"41","name":"Happy New Beats","author":"MAQS","price":10,"tags":["#trap","#hiphop"],"DELETED":true,"orderBy":"40","timestamp":1700085893},"42":{"id":"42","name":"Winter Chill","author":"MAQS","price":10,"tags":["#electro","#hiphop"],"DELETED":true,"orderBy":"41","timestamp":1700085893},"43":{"id":"43","name":"Gangsta Trap","author":"MAQS","price":10,"tags":["#trap","#hiphop"],"DELETED":true,"orderBy":"42","timestamp":1700085893},"44":{"id":"44","name":"Hip-Hop Keys","author":"MAQS","tags":["#hiphop","#easyplay"],"orderBy":"43","timestamp":1700085893},"45":{"id":"45","name":"Feel the Sunshine","author":"MAQS","price":10,"tags":["#edm","#dancemusic"],"DELETED":true,"orderBy":"44","timestamp":1700085893},"46":{"id":"46","name":"Beautiful Vibes","author":"MAQS","tags":["#dubstep","#easyplay"],"orderBy":"74","timestamp":1700085893},"47":{"id":"47","name":"Club Tool","author":"Arthur Romashkan","price":10,"tags":["#edm"],"DELETED":true,"orderBy":"45","timestamp":1700085893},"48":{"id":"48","name":"Hip-Hop Stabs","author":"MAQS","price":10,"tags":["#hiphop","#classic"],"DELETED":true,"orderBy":"47","timestamp":1700085893},"49":{"id":"49","name":"Melodic House","author":"Arthur Romashkan","price":10,"tags":["#house"],"DELETED":true,"orderBy":"48","timestamp":1700085893},"50":{"id":"50","name":"Electro Wave","author":"MAQS","price":10,"tags":["#electronic","#synth","#easyplay"],"orderBy":"49","timestamp":1700085893},"51":{"id":"51","name":"Bass and Chords","author":"MAQS","tags":["#electronic","#easyplay"],"orderBy":"37","timestamp":1700085893},"52":{"id":"52","name":"Brass Trap","author":"Arthur Romashkan","price":10,"tags":["#trap","#hiphop"],"DELETED":true,"orderBy":"51","timestamp":1700085893},"53":{"id":"53","name":"Pixel Beats","author":"MAQS","price":10,"tags":["#electronic","#easyplay"],"orderBy":"52","timestamp":1700085893},"54":{"id":"54","name":"Future Trip-Hop","author":"Arthur Romashkan","price":10,"tags":["#hiphop","#triphop","#easyplay"],"orderBy":"62","timestamp":1700085893},"55":{"id":"55","name":"Synth Wave","author":"MAQS","price":10,"tags":["#electronic","#synth","#easyplay"],"orderBy":"53","timestamp":1700085893},"56":{"id":"56","name":"EDM: Golden Beats","author":"MAQS","tags":["#edm"],"DELETED":true,"orderBy":"46","timestamp":1700085893},"57":{"id":"57","name":"Dubstep Machine","author":"MAQS","price":10,"tags":["#dubstep","#easyplay"],"orderBy":"55","timestamp":1700085893},"58":{"id":"58","name":"Starlight","author":"MAQS","price":10,"tags":["#electronic","#hiphop","#new","#easyplay"],"orderBy":"56","timestamp":1700085893},"59":{"id":"59","name":"Big Trap","author":"MAQS","tags":["#trap","#new","#easyplay"],"orderBy":"50","timestamp":1700085893},"60":{"id":"60","name":"Halloween Night","author":"MAQS","price":10,"tags":["#dubstep","#easyplay"],"orderBy":"58","timestamp":1700085893},"61":{"id":"61","name":"Beyond The Stars","author":"Phenom","price":10,"tags":["#futurebass","#new","#easyplay"],"orderBy":"59","timestamp":1700085893},"62":{"id":"62","name":"Deep Future Bass","author":"Phenom","price":10,"tags":["#futurebass","#new","#easyplay"],"orderBy":"60","timestamp":1700085893},"63":{"id":"63","name":"Funky Xmas","author":"Phenom","tags":["#sax","#easyplay"],"orderBy":"54","timestamp":1700085893},"64":{"id":"64","name":"Pure DNB","author":"Phenom","price":10,"tags":["#drumandbass","#easyplay"],"orderBy":"64","timestamp":1700085893},"65":{"id":"65","name":"Dubstep Hip Hop","author":"Phenom","price":10,"tags":["#dubstep","#hiphop","#easyplay"],"orderBy":"65","timestamp":1700085893},"66":{"id":"66","name":"Electro Rocket","author":"Phenom","tags":["#electronic","#synth","#easyplay"],"orderBy":"57","timestamp":1700085893},"67":{"id":"67","name":"Grime","author":"Phenom","price":10,"tags":["#hiphop","#grime","#easyplay"],"orderBy":"67","timestamp":1700085893},"68":{"id":"68","name":"Future Garage","author":"Phenom","price":10,"tags":["#futurebass","#dubstep","#easyplay"],"orderBy":"68","timestamp":1700085893},"69":{"id":"69","name":"iBenji - Boom!","author":"iBenji","tags":["#trap","#dubstep","#easyplay"],"orderBy":"152","timestamp":1700085893},"70":{"id":"70","name":"Solid Dubstep","author":"Andy Brookes","price":10,"tags":["#dubstep","#easyplay"],"orderBy":"73","timestamp":1700085893},"71":{"id":"71","name":"From Russia With Love","author":"Phenom","price":10,"tags":["#dubstep","#easyplay"],"orderBy":"66","timestamp":1700085893},"72":{"id":"72","name":"Ethnic Hip Hop","author":"Andy Brookes","price":10,"tags":["#hiphop","#new","#easyplay"],"orderBy":"145","timestamp":1700085893},"73":{"id":"73","name":"Alien","author":"Phenom","tags":["#drumandbass","#easyplay"],"orderBy":"63","timestamp":1700085893},"74":{"id":"74","name":"Trap Soldier","author":"MAQS","price":10,"icon":"","imagePreview1":"","tags":[],"DELETED":true,"orderBy":"69","timestamp":1700085893},"75":{"id":"75","name":"Shape Of You","author":"Phenom","tags":["#remix","#edm"],"DELETED":true,"orderBy":"70","timestamp":1700085893},"76":{"id":"76","name":"Humble","author":"Phenom","price":10,"tags":["#remix","#trap"],"DELETED":true,"orderBy":"72","timestamp":1700085893},"77":{"id":"77","name":"Scared To Be Lonely","author":"Phenom","price":10,"tags":["#remix","#edm"],"DELETED":true,"orderBy":"71","timestamp":1700085893},"78":{"id":"78","name":"Face Crack","author":"KJ Sawka","price":10,"tags":["#dubstep","#easyplay"],"orderBy":"154","timestamp":1700085893},"79":{"id":"79","name":"Mystery Hip Hop","author":"Phenom","price":10,"tags":["#hiphop","#trap","#easyplay"],"orderBy":"76","timestamp":1700085893},"80":{"id":"80","name":"Hip Hop Origins","author":"Phenom","price":10,"tags":["#hiphop","#easyplay"],"orderBy":"83","timestamp":1700085893},"81":{"id":"81","name":"Abstract Hip Hop","author":"Andy Brookes","tags":["#hiphop","#easyplay"],"orderBy":"135","timestamp":1700085893},"82":{"id":"82","name":"Rave All Day!","author":"Phenom","price":10,"tags":["#electronic","#drumandbass","#easyplay"],"orderBy":"78","timestamp":1700085893},"83":{"id":"83","name":"Dub Trap","author":"Phenom","price":10,"tags":["#trap","#dubstep","#easyplay"],"orderBy":"79","timestamp":1700085893},"84":{"id":"84","name":"Poptronic 3","author":"Phenom","price":10,"tags":["#electronic","#synth","#easyplay"],"orderBy":"77","timestamp":1700085893},"85":{"id":"85","name":"Moombahcore","author":"Phenom","price":10,"tags":["#dubstep","#easyplay"],"orderBy":"91","timestamp":1700085893},"86":{"id":"86","name":"Analog Jam","author":"DAN271","price":10,"DELETED":true,"orderBy":"80","timestamp":1700085893},"87":{"id":"87","name":"Dubstep Club","author":"Andy Brookes","tags":["#dubstep","#new","#easyplay"],"orderBy":"36","timestamp":1700085893},"88":{"id":"88","name":"Bibia Be Ye Ye! ","author":"Phenom","price":10,"tags":["#remix","#edm"],"DELETED":true,"orderBy":"81","timestamp":1700085893},"89":{"id":"89","name":"Guitar Rush","author":"Phenom","price":10,"tags":["#electronic","#guitar","#easyplay"],"orderBy":"87","timestamp":1700085893},"90":{"id":"90","name":"Shockwave Trap","author":"Phenom","price":10,"tags":["#trap","#easyplay"],"orderBy":"106","timestamp":1700085893},"91":{"id":"91","name":"Back to You (Remix)","author":"Phenom","price":10,"DELETED":true,"orderBy":"82","timestamp":1700085893},"92":{"id":"92","name":"Your Love","author":"Phenom","tags":["#edm","#futurebass","#easyplay"],"orderBy":"61","timestamp":1700085893},"93":{"id":"93","name":"Jungle Book","author":"Phenom","price":10,"tags":["#jungle","#drumandbass","#easyplay"],"orderBy":"85","timestamp":1700085893},"94":{"id":"94","name":"Pizza!","author":"Phenom","price":10,"DELETED":true,"orderBy":"86","timestamp":1700085893},"95":{"id":"95","name":"Funk Machine","author":"Phenom","price":10,"tags":["#electronic","#funk","#easyplay"],"orderBy":"97","timestamp":1700085893},"96":{"id":"96","name":"Future House","author":"Phenom","price":10,"tags":["#house","#easyplay"],"orderBy":"88","timestamp":1700085893},"97":{"id":"97","name":"Stay","author":"Phenom","tags":["#new","#edm","#easyplay"],"orderBy":"120","timestamp":1700085893},"98":{"id":"98","name":"Bass House","author":"Phenom","price":10,"tags":["#basshouse","#new","#easyplay"],"orderBy":"92","timestamp":1700085893},"99":{"id":"99","name":"Dirty South","author":"Phenom","price":10,"tags":["#edm","#easyplay"],"orderBy":"89","timestamp":1700085893},"100":{"id":"100","name":"Zombostep","author":"Phenom","price":10,"tags":["#dubstep","#easyplay"],"orderBy":"95","timestamp":1700085893},"101":{"id":"101","name":"Trick Or Trap","author":"Phenom","tags":["#trap","#new","#easyplay"],"orderBy":"84","timestamp":1700085893},"102":{"id":"102","name":"Neurostep","price":10,"DELETED":true,"orderBy":"93","timestamp":1700085893},"103":{"id":"103","name":"Atmosphere","author":"Phenom","price":10,"tags":["#futurebass","#easyplay"],"orderBy":"96","timestamp":1700085893},"104":{"id":"104","name":"Vocal Trap","author":"Phenom","price":10,"tags":["#trap","#easyplay"],"orderBy":"148","timestamp":1700085893},"105":{"id":"105","name":"Could This Be Love","author":"Phenom","tags":["#house","#edm","#easyplay"],"orderBy":"90","timestamp":1700085893},"106":{"id":"106","name":"Grimey","author":"Andy Brookes","tags":["#hiphop","#grime","#new","#easyplay"],"orderBy":"144","timestamp":1700085893},"107":{"id":"107","name":"Rare Hip-Hop","author":"Phenom","price":10,"tags":["#hiphop","#new","#easyplay"],"orderBy":"115","timestamp":1700085893},"108":{"id":"108","name":"Acoustic Dreams","author":"Phenom","price":10,"tags":["#guitar","#hiphop","#easyplay"],"orderBy":"99","timestamp":1700085893},"109":{"id":"109","name":"Before The Sunrise","author":"Phenom","price":10,"tags":["#edm","#easyplay"],"orderBy":"100","timestamp":1700085893},"110":{"id":"110","name":"Deep House","author":"Phenom","price":10,"tags":["#house","#edm","#new","#easyplay"],"orderBy":"101","timestamp":1700085893},"111":{"id":"111","name":"Snowman","author":"Phenom","price":10,"tags":["#edm","#easyplay"],"orderBy":"104","timestamp":1700085893},"112":{"id":"112","name":"Kitchen Symphony","author":"Phenom","tags":["#futurebass","#easyplay"],"orderBy":"112","timestamp":1700085893},"113":{"id":"113","name":"DNB Fever","author":"Phenom","tags":["#drumandbass","#easyplay"],"orderBy":"94","timestamp":1700085893},"114":{"id":"114","name":"Rockstar","price":10,"DELETED":true,"orderBy":"128","timestamp":1700085893},"115":{"id":"115","name":"Saxobass","author":"Phenom","price":10,"tags":["#edm","#sax","#easyplay"],"orderBy":"109","timestamp":1700085893},"116":{"id":"116","name":"Wild West","author":"Phenom","price":10,"tags":["#folk","#easyplay"],"orderBy":"111","timestamp":1700085893},"117":{"id":"117","name":"Pirates","author":"Phenom","tags":["#movie","#orchestral","#epic","#new","#easyplay"],"orderBy":"118","timestamp":1700085893},"118":{"id":"118","name":"Inspiring Folk","author":"Phenom","price":10,"tags":["#guitar","#folk","#easyplay"],"orderBy":"110","timestamp":1700085893},"119":{"id":"119","name":"Futuristic","author":"Phenom","price":10,"tags":["#futurebass","#easyplay"],"orderBy":"114","timestamp":1700085893},"120":{"id":"120","name":"Vibe With Me","author":"Phenom","price":10,"tags":["#edm","#new","#easyplay"],"orderBy":"119","timestamp":1700085893},"121":{"id":"121","name":"Digital Soul","author":"Phenom","price":10,"tags":["#edm","#new","#easyplay"],"orderBy":"113","timestamp":1700085893},"122":{"id":"122","name":"Electro Dance","author":"STAX","tags":["#electronic","#acid","#new","#easyplay"],"orderBy":"102","timestamp":1700085893},"124":{"id":"124","name":"Horns of Jericho","author":"Phenom","tags":["#trap","#new","#easyplay"],"orderBy":"149","timestamp":1700085893},"125":{"id":"125","name":"12312312a","price":10,"DELETED":true,"orderBy":"0","timestamp":1700085893},"126":{"id":"126","name":"Finesse","author":"Phenom","price":10,"tags":["#brunomars","#finesse","#pop","#funk"],"DELETED":true,"orderBy":"116","timestamp":1700085893},"127":{"id":"127","name":"Jazzy Hip-Hop","author":"Phenom","price":10,"tags":["#hiphop","#easyplay"],"orderBy":"146","timestamp":1700085893},"128":{"id":"128","name":"Sick Boy","price":10,"DELETED":true,"orderBy":"127","timestamp":1700085893},"129":{"id":"129","name":"Tell Me What To Do","author":"Phenom","price":10,"tags":["#guitar","#remix","#house"],"DELETED":true,"orderBy":"117","timestamp":1700085893},"130":{"id":"130","name":"Friends","price":10,"DELETED":true,"orderBy":"126","timestamp":1700085893},"131":{"id":"131","name":"Fat Beat","author":"Phenom","price":10,"tags":["#beat","#freebeat","#rap","#hiphop","#easyplay"],"orderBy":"156","timestamp":1700085893},"132":{"id":"132","name":" Dubstep Freezer","author":"Phenom","tags":["#dubstep","#new","#easyplay"],"orderBy":"153","timestamp":1700085893},"133":{"id":"133","name":"Epic Storm 2","author":"Phenom","price":10,"tags":["#edm","#new","#easyplay"],"orderBy":"138","timestamp":1700085893},"134":{"id":"134","name":"Beast Mode","author":"Phenom","tags":["#beatbox","#easyplay"],"orderBy":"98","timestamp":1700085893},"135":{"id":"135","name":"Acid Breakbeat","author":"Phenom","price":10,"tags":["#breakbeat","#acid","#easyplay"],"orderBy":"123","timestamp":1700085893},"137":{"id":"137","name":"Vocal Pop","author":"Phenom","tags":["#edm","#easyplay"],"orderBy":"103","timestamp":1700085893},"138":{"id":"138","name":"Crazy Complextro","author":"Phenom","price":10,"tags":["#edm","#new","#easyplay"],"orderBy":"108","timestamp":1700085893},"139":{"id":"139","name":"iBenji - Papagun","author":"iBenji","price":10,"tags":["#dubstep","#new","#easyplay"],"orderBy":"124","timestamp":1700085893},"140":{"id":"140","name":"Future Retro Wave","author":"STAX","price":10,"tags":["#electronic","#synth","#new","#easyplay"],"orderBy":"121","timestamp":1700085893},"141":{"id":"141","name":"Fiesta","author":"Phenom","price":10,"tags":["#latin","#guitar","#easyplay"],"orderBy":"122","timestamp":1700085893},"142":{"id":"142","name":"Waking Up","author":"Phenom","tags":["#futurebass","#new","#easyplay"],"orderBy":"133","timestamp":1700085893},"143":{"id":"143","name":"Mirage","author":"Phenom","tags":["#trap","#easyplay"],"orderBy":"75","timestamp":1700085893},"151":{"id":"151","name":"Time","author":"Phenom","price":10,"tags":["#futuregarage","#hiphop","#easyplay"],"orderBy":"130","timestamp":1700085893},"152":{"id":"152","name":"Electro Hop","author":"Phenom","price":10,"tags":["#hiphop","#electronic","#new","#easyplay"],"orderBy":"129","timestamp":1700085893},"153":{"id":"153","name":"Alternative DNB","author":"Phenom","price":10,"tags":["#drumandbass","#new","#easyplay"],"orderBy":"125","timestamp":1700085893},"160":{"id":"160","name":"Bounce Jumping","author":"Phenom","tags":["#basshouse","#edm","#easyplay"],"orderBy":"131","timestamp":1700085893},"161":{"id":"161","name":"Classic Trip Hop","author":"Phenom","price":10,"tags":["#triphop","#easyplay"],"orderBy":"134","timestamp":1700085893},"162":{"id":"162","name":"Contemporary R&B","author":"Phenom","price":10,"tags":["#hiphop","#rnb","#new","#easyplay"],"orderBy":"136","timestamp":1700085893},"163":{"id":"163","name":"Trap Blossom","author":"Phenom","price":10,"tags":["#trap","#easyplay"],"orderBy":"150","timestamp":1700085893},"164":{"id":"164","name":"Underground Hip-Hop","author":"Phenom","price":10,"tags":["#hiphop","#new","#easyplay"],"orderBy":"147","timestamp":1700085893},"165":{"id":"165","name":"Industrial Dubstep","author":"Phenom","price":10,"tags":["#dubstep","#new","#easyplay"],"orderBy":"107","timestamp":1700085893},"168":{"id":"168","name":"Hybrid Trap","author":"Phenom","price":10,"tags":["#trap","#dubstep","#new","#easyplay"],"orderBy":"151","timestamp":1700085893},"169":{"id":"169","name":"Reggaeton","author":"Phenom","price":10,"tags":["#reggaeton","#hiphop","#new","#easyplay"],"orderBy":"137","timestamp":1700085893},"170":{"id":"170","name":"Ice Cream","author":"Synthferatu","price":10,"tags":["#futurebass","#edm","#new","#easyplay"],"orderBy":"139","timestamp":1700085893},"171":{"id":"171","name":"Dreamy Hip-Hop","author":"Phenom","price":10,"tags":["#hiphop","#new","#easyplay"],"orderBy":"140","timestamp":1700085893},"172":{"id":"172","name":"Rave Cave","author":"Synthferatu","tags":["#electronic","#new","#easyplay"],"orderBy":"141","timestamp":1700085893},"173":{"id":"173","name":"Dubstep Sauce","author":"Synthferatu","price":10,"tags":["#dubstep","#new","#easyplay"],"orderBy":"142","timestamp":1700085893},"174":{"id":"174","name":"Soulful Chill ","author":"Andy Brookes","price":10,"tags":["#hiphop","#new","#easyplay"],"orderBy":"143","timestamp":1700085893},"175":{"id":"175","name":"Funk Machine 2","author":"Synthferatu","price":10,"tags":["#electronic","#new","#easyplay"],"orderBy":"105","timestamp":1700085893},"176":{"id":"176","name":"Retro Drive","author":"Synthferatu","price":10,"tags":["#electronic","#new","#easyplay"],"orderBy":"155","timestamp":1700085893},"178":{"id":"178","name":"iBenji - Get Down","author":"iBenji","price":10,"tags":["#new","#dubstep","#easyplay"],"orderBy":"157","timestamp":1700085893},"179":{"id":"179","name":"Golden Hip-Hop","author":"Phenom","price":10,"tags":["#hiphop"],"DELETED":true,"orderBy":"158","timestamp":1700085893},"180":{"id":"180","name":"Halloween Dubz","author":"Synthferatu","tags":["#new","#easyplay","#dubstep"],"orderBy":"159","timestamp":1700085893},"181":{"id":"181","name":"Golden Hip Hop","author":"Phenom","price":10,"tags":["#new","#hiphop","#easyplay"],"orderBy":"160","timestamp":1700085893},"182":{"id":"182","name":"Neuro DNB","author":"Andy Brookes","price":10,"tags":["#new","#drumandbass","#easyplay"],"orderBy":"163","timestamp":1700085893},"183":{"id":"183","name":"Insomnia","author":"Phenom","price":10,"tags":["#new","#futurebass","#easyplay"],"orderBy":"161","timestamp":1700085893},"184":{"id":"184","name":"Club Head","author":"Phenom","tags":["#new","#house","#easyplay"],"orderBy":"162","timestamp":1700085893},"185":{"id":"185","name":"Half Step Bass","author":"Andy Brookes","price":10,"tags":["#new","#dubstep","#easyplay"],"orderBy":"192","timestamp":1700085893},"186":{"id":"186","name":"Pop Dubstep","author":"Synthferatu","price":10,"tags":["#new","#dubstep","#easyplay"],"orderBy":"164","timestamp":1700085893},"187":{"id":"187","name":"Ultimate Indie","author":"Phenom","price":10,"tags":["#new","#guitar","#easyplay"],"orderBy":"165","timestamp":1700085893},"188":{"id":"188","name":"Christmas Tree","author":"Synthferatu","tags":["#new","#edm","#easyplay"],"orderBy":"166","timestamp":1700085893},"189":{"id":"189","name":"Neon City","author":"STAX","price":10,"tags":["#new","#electronic","#easyplay"],"orderBy":"167","timestamp":1700085893},"190":{"id":"190","name":"Wobble House","author":"Synthferatu","price":10,"tags":["#new","#house","#easyplay"],"orderBy":"168","timestamp":1700085893},"191":{"id":"191","name":"Downtempo","author":"Andy Brookes","price":10,"tags":["#new","#edm","#easyplay"],"orderBy":"169","timestamp":1700085893},"192":{"id":"192","name":"Trap Predator","author":"Phenom","price":10,"tags":["#new","#trap","#easyplay"],"orderBy":"170","timestamp":1700085893},"194":{"id":"194","name":"Brooklyn Beats","author":"Andy Brookes","price":10,"tags":["#new","#hiphop","#easyplay"],"orderBy":"171","timestamp":1700085893},"195":{"id":"195","name":"Supreme Drumstep","author":"Synthferatu","price":10,"tags":["#new","#dubstep","#easyplay"],"orderBy":"172","timestamp":1700085893},"196":{"id":"196","name":"Luxury Rap","author":"Synthferatu","price":10,"tags":["#new","#trap","#easyplay"],"orderBy":"173","timestamp":1700085893},"197":{"id":"197","name":"Trance Mission","author":"Synthferatu","price":10,"tags":["#new","#electronic","#easyplay"],"orderBy":"174","timestamp":1700085893},"198":{"id":"198","name":"Heavy Dubstep","author":"Andy Brookes","price":10,"tags":["#new","#dubstep","#easyplay"],"orderBy":"175","timestamp":1700085893},"199":{"id":"199","name":"Babylon","author":"Phenom","price":10,"tags":["#new","#hiphop","#easyplay"],"orderBy":"176","timestamp":1700085893},"205":{"id":"205","name":"Liquid DNB","author":"Andy Brookes","price":10,"tags":["#new","#drumandbass","#easyplay"],"orderBy":"177","timestamp":1700085893},"206":{"id":"206","name":"Chiptune Boss","author":"Synthferatu","price":10,"tags":["#new","#electronic","#easyplay"],"orderBy":"178","timestamp":1700085893},"213":{"id":"213","name":"Purple Clouds","author":"Synthferatu","price":10,"tags":["#new","#edm","#easyplay"],"orderBy":"179","timestamp":1700085893},"214":{"id":"214","name":"Bad Boy Bass","author":"Andy Brookes","price":10,"tags":["#new","#trap","#easyplay"],"orderBy":"180","timestamp":1700085893},"222":{"id":"222","name":"Riddim Dubstep","author":"Synthferatu","price":10,"tags":["#new","#dubstep","#easyplay"],"orderBy":"181","timestamp":1700085893},"223":{"id":"223","name":"Intergalactic","author":"Phenom","price":10,"tags":["#new","#epic","#easyplay"],"orderBy":"182","timestamp":1700085893},"224":{"id":"224","name":"Soul Lounge","author":"Synthferatu","price":10,"tags":["#new","#hiphop","#easyplay"],"orderBy":"183","timestamp":1700085893},"225":{"id":"225","name":"Mantra","author":"Phenom","price":10,"tags":["#new","#electronic","#easyplay"],"orderBy":"184","timestamp":1700085893},"226":{"id":"226","name":"Time Traveler","author":"Synthferatu","price":10,"tags":["#new","#edm","#easyplay"],"orderBy":"185","timestamp":1700085893},"227":{"id":"227","name":"Dubstep Tsunami","author":"Andy Brookes","price":10,"tags":["#new","#dubstep","#easyplay"],"orderBy":"186","timestamp":1700085893},"228":{"id":"228","name":"Beach Party","author":"Synthferatu","price":10,"tags":["#new","#edm","#easyplay"],"orderBy":"187","timestamp":1700085893},"229":{"id":"229","name":"Vertex","author":"Phenom","price":10,"tags":["#new","#electronic","#easyplay"],"orderBy":"188","timestamp":1700085893},"230":{"id":"230","name":"Wonky Beats","author":"Synthferatu","tags":["#new","#hiphop","#easyplay"],"orderBy":"189","timestamp":1700085893},"231":{"id":"231","name":"Lose Control","author":"Synthferatu","price":10,"tags":["#new","#edm","#easyplay"],"orderBy":"190","timestamp":1700085893},"232":{"id":"232","name":"Lunar Trap","author":"Phenom","price":10,"tags":["#new","#trap","#easyplay"],"orderBy":"191","timestamp":1700085893},"233":{"id":"233","name":"Moonlight Cuts","author":"MAQS","price":10,"tags":["#new","#hiphop","#easyplay"],"orderBy":"193","timestamp":1700085893},"234":{"id":"234","name":"Half Step Bass","author":"Andy Brookes","price":10,"tags":["#new","#dubstep"],"DELETED":true,"orderBy":"194","timestamp":1700085894},"235":{"id":"235","name":"EASYPLAY TEST","author":"maqs","price":10,"tags":["#easyplay"],"DELETED":true,"orderBy":"196","timestamp":1700085894},"236":{"id":"236","name":"Electrofunk","author":"Synthferatu","price":10,"tags":["#new","#electronic","#easyplay"],"orderBy":"195","timestamp":1700085894},"237":{"id":"237","name":"Emoji","author":"Synthferatu","price":10,"tags":["#new","#edm","#easyplay"],"orderBy":"197","timestamp":1700085894},"238":{"id":"238","name":"Chilled Hip-Hop","author":"Andy Brookes","tags":["#new","#hiphop","#easyplay"],"orderBy":"198","timestamp":1700085894},"239":{"id":"239","name":"Hydra","author":"Phenom","price":10,"tags":["#new","#electronic","#easyplay"],"orderBy":"199","timestamp":1700085894},"240":{"id":"240","name":"Heavy DNB","author":"Andy Brookes","price":10,"tags":["#new","#drumandbass","#easyplay"],"orderBy":"200","timestamp":1700085894},"241":{"id":"241","name":"Lyrical Trap","author":"Andy Brookes","price":10,"tags":["#new","#trap","#easyplay"],"orderBy":"201","timestamp":1700085894},"242":{"id":"242","name":"Dubstep Mayhem","author":"Andy Brookes","price":10,"tags":["#new","#dubstep"],"orderBy":"202","timestamp":1700085894},"243":{"id":"243","name":"Martian Beats","author":"Phenom","price":10,"tags":["#new","#hiphop","#easyplay"],"orderBy":"203","timestamp":1700085894},"244":{"id":"244","name":"Sia - Chandelier ","author":"DPM Remix","price":10,"tags":["#new","#edm","#easyplay"],"DELETED":true,"orderBy":"215","timestamp":1700085894},"245":{"id":"245","name":"New Beat Anthem","author":"Synthferatu","price":10,"tags":["#new","#edm","#easyplay"],"orderBy":"204","timestamp":1700085894},"246":{"id":"246","name":"Dusty Hip-Hop","author":"Andy Brookes","price":10,"tags":["#new","#hiphop","#easyplay"],"orderBy":"205","timestamp":1700085894},"247":{"id":"247","name":"Secret Garden","author":"Synthferatu","price":10,"tags":["#new","#edm","#easyplay"],"orderBy":"206","timestamp":1700085894},"248":{"id":"248","name":"Chilled House","author":"Andy Brookes","price":10,"tags":["#new","#house","#easyplay","#electronic"],"orderBy":"207","timestamp":1700085894},"249":{"id":"249","name":"Glitch Hop","author":"Andy Brookes","price":10,"tags":["#new","#electronic","#easyplay"],"orderBy":"208","timestamp":1700085894},"250":{"id":"250","name":"Jungle Essentials","author":"Andy Brookes","price":10,"tags":["#new","#jungle","#easyplay"],"orderBy":"209","timestamp":1700085894},"251":{"id":"251","name":"Nightcall House","author":"Synthferatu","price":10,"tags":["#new","#house","#easyplay"],"orderBy":"210","timestamp":1700085894},"252":{"id":"252","name":"Chill Rap","author":"Synthferatu","price":10,"tags":["#new","#hiphop","#easyplay"],"orderBy":"211","timestamp":1700085894},"253":{"id":"253","name":"Reaching The Skies","author":"Synthferatu","price":10,"tags":["#new","#dubstep","#easyplay"],"orderBy":"212","timestamp":1700085894},"254":{"id":"254","name":"Spellbound","author":"Phenom","price":10,"tags":["#new","#electronic","#easyplay"],"orderBy":"214","timestamp":1700085894},"255":{"id":"255","name":"Pumpkin King","author":"Phenom","tags":["#trap","#new","#easyplay"],"orderBy":"213","timestamp":1700085894},"256":{"id":"256","name":"Hip-Hop Chords","author":"Andy Brookes","price":10,"tags":["#new","#hiphop","#easyplay"],"orderBy":"216","timestamp":1700085894},"257":{"id":"257","name":"Bluebird","author":"Phenom","price":10,"tags":["#new","#edm","#easyplay"],"orderBy":"217","timestamp":1700085894},"258":{"id":"258","name":"Classic UK Garage","author":"Andy Brookes","price":10,"tags":["#new","#electronic"],"orderBy":"218","timestamp":1700085894},"259":{"id":"259","name":"Latin House","author":"Andy Brookes","price":10,"tags":["#new","#house"],"orderBy":"219","timestamp":1700085894},"260":{"id":"260","name":"Trap Hive","author":"Synthferatu","price":10,"tags":["#new","#trap","#easyplay"],"orderBy":"220","timestamp":1700085894},"261":{"id":"261","name":"Santa Claus","author":"Synthferatu","tags":["#new","#edm","#easyplay"],"orderBy":"221","timestamp":1700085894},"262":{"id":"262","name":"Falling Diamonds","author":"Synthferatu","price":10,"tags":["#new","#edm","#easyplay"],"orderBy":"222","timestamp":1700085894},"263":{"id":"263","name":"Run Boy","author":"Phenom","price":10,"tags":["#new","#dubstep","#easyplay"],"orderBy":"224","timestamp":1700085894},"264":{"id":"264","name":"Downtempo House","author":"Andy Brookes","price":10,"tags":["#new","#electronic","#easyplay"],"orderBy":"223","timestamp":1700085894},"265":{"id":"265","name":"Clear Skies","author":"Andy Brookes","price":10,"tags":["#new","#hiphop","#easyplay"],"orderBy":"225","timestamp":1700085894},"267":{"id":"267","name":"Bloodstream","author":"DPM Remix","price":10,"tags":["#new","#edm"],"DELETED":true,"orderBy":"226","timestamp":1700085894},"268":{"id":"268","name":"Neuro Chaos","author":"Andy Brookes","price":10,"tags":["#new","#drumandbass","#easyplay"],"orderBy":"228","timestamp":1700085894},"269":{"id":"269","name":"Night Shift Dubstep","author":"Synthferatu","price":10,"tags":["#new","#dubstep","#easyplay"],"orderBy":"229","timestamp":1700085894},"270":{"id":"270","name":"I Miss U Here","author":"Synthferatu","price":10,"tags":["#new","#trap","#easyplay"],"orderBy":"230","timestamp":1700085894},"271":{"id":"271","name":"On Cloud Nine","author":"Synthferatu","price":10,"tags":["#new","#house","#easyplay"],"orderBy":"231","timestamp":1700085894},"272":{"id":"272","name":"Mighty Beats","author":"Andy Brookes","price":10,"tags":["#new","#hiphop","#easyplay"],"orderBy":"232","timestamp":1700085894},"274":{"id":"274","name":"Money On My Mind","author":"DPM Remix","price":10,"tags":["#new","#edm"],"DELETED":true,"orderBy":"227","timestamp":1700085894},"275":{"id":"275","name":"Future Trap","author":"Phenom","price":10,"tags":["#new","#trap","#easyplay"],"orderBy":"233","timestamp":1700085894},"276":{"id":"276","name":"Vintage Hip-Hop","author":"Phenom","price":10,"tags":["#new","#hiphop","#easyplay"],"orderBy":"234","timestamp":1700085894},"277":{"id":"277","name":"New Tone","author":"BLGN","tags":["#new","#edm"],"orderBy":"426","timestamp":1700085894},"278":{"id":"278","name":"Reggae Dubstep","author":"BLGN","price":10,"tags":["#new","#dubstep","#easyplay"],"orderBy":"235","timestamp":1700085894},"279":{"id":"279","name":"Groove Box","author":"BLGN","price":10,"tags":["#new","#edm","#easyplay"],"orderBy":"236","timestamp":1700085894},"280":{"id":"280","name":"Dreamland","author":"BLGN","price":10,"tags":["#new","#electronic","#easyplay"],"orderBy":"237","timestamp":1700085894},"281":{"id":"281","name":"Netsky","author":"BLGN","price":10,"tags":["#new","#drumandbass","#easyplay"],"orderBy":"238","timestamp":1700085894},"282":{"id":"282","name":"Trap Machine","author":"BLGN","price":10,"tags":["#new","#trap","#easyplay"],"orderBy":"239","timestamp":1700085894},"283":{"id":"283","name":"Waiting For The Summer","author":"BLGN","price":10,"tags":["#new","#edm","#easyplay"],"orderBy":"240","timestamp":1700085894},"284":{"id":"284","name":"Funky House","author":"Synthferatu","price":10,"tags":["#new","#house","#easyplay"],"orderBy":"241","timestamp":1700085894},"285":{"id":"285","name":"Hip-Hop Squad","author":"Andy Brookes","price":10,"tags":["#new","#hiphop","#easyplay"],"orderBy":"242","timestamp":1700085894},"286":{"id":"286","name":"Rumble","author":"Andy Brookes","tags":["#new","#dubstep","#easyplay"],"orderBy":"243","timestamp":1700085894},"287":{"id":"287","name":"Maharaja","author":"Synthferatu","price":10,"tags":["#new","#trap","#easyplay"],"orderBy":"244","timestamp":1700085894},"288":{"id":"288","name":"Jazz Roller","author":"Synthferatu","price":10,"tags":["#new","#drumandbass","#easyplay"],"orderBy":"245","timestamp":1700085894},"289":{"id":"289","name":"Crate Digger","author":"Synthferatu","price":10,"tags":["#new","#hiphop","#easyplay"],"orderBy":"246","timestamp":1700085894},"290":{"id":"290","name":"Electro Shock","author":"Andy Brookes","price":10,"tags":["#new","#edm","#easyplay"],"orderBy":"247","timestamp":1700085894},"291":{"id":"291","name":"Urban Sunset","author":"Synthferatu","price":10,"tags":["#new","#hiphop"],"orderBy":"248","timestamp":1700085894},"292":{"id":"292","name":"Dubstep Power","author":"Andy Brookes","price":10,"tags":["#new","#dubstep"],"orderBy":"249","timestamp":1700085894},"293":{"id":"293","name":"Funk Da House","author":"Andy Brookes","price":10,"tags":["#new","#house"],"orderBy":"250","timestamp":1700085894},"294":{"id":"294","name":"Fresh Trap","author":"Synthferatu","price":10,"tags":["#new","#trap"],"orderBy":"251","timestamp":1700085894},"295":{"id":"295","name":"Smooth DNB","author":"Andy Brookes","price":10,"tags":["#new","#drumandbass"],"orderBy":"252","timestamp":1700085894},"296":{"id":"296","name":"Pixel Riddim","author":"Synthferatu","price":10,"tags":["#new","#dubstep"],"orderBy":"253","timestamp":1700085894},"297":{"id":"297","name":"Festival EDM","author":"Andy Brookes","price":10,"tags":["#new","#edm"],"orderBy":"254","timestamp":1700085894},"298":{"id":"298","name":"Dubstep Steelworks","author":"Synthferatu","price":10,"tags":["#new","#dubstep"],"orderBy":"255","timestamp":1700085894},"299":{"id":"299","name":"United Trap","author":"Synthferatu","price":10,"tags":["#new","#trap"],"orderBy":"256","timestamp":1700085894},"300":{"id":"300","name":"Neon Dreams","author":"Andy Brookes","price":10,"tags":["#new","#electronic"],"orderBy":"257","timestamp":1700085894},"301":{"id":"301","name":"Keepin It Real","author":"Synthferatu","price":10,"tags":["#new","#hiphop"],"orderBy":"258","timestamp":1700085894},"302":{"id":"302","name":"DNB Rage","author":"Andy Brookes","price":10,"tags":["#new","#drumandbass"],"orderBy":"259","timestamp":1700085894},"303":{"id":"303","name":"Indie Dubstep","author":"Synthferatu","price":10,"tags":["#new","#dubstep"],"orderBy":"260","timestamp":1700085894},"304":{"id":"304","name":"Amaretto House","author":"Synthferatu","price":10,"tags":["#new","#house"],"orderBy":"261","timestamp":1700085894},"305":{"id":"305","name":"Trap Icon","author":"Andy Brookes","tags":["#new","#trap"],"orderBy":"262","timestamp":1700085894},"306":{"id":"306","name":"Lone Rider","author":"Synthferatu","price":10,"tags":["#new","#other"],"orderBy":"263","timestamp":1700085894},"307":{"id":"307","name":"Oceans","author":"Andy Brookes","price":10,"tags":["#new","#electronic"],"orderBy":"264","timestamp":1700085894},"308":{"id":"308","name":"Know The Drill","author":"Synthferatu","price":10,"tags":["#new","#hiphop"],"orderBy":"265","timestamp":1700085894},"310":{"id":"310","name":"DNB Rising","author":"Andy Brookes","price":10,"tags":["#new","#drumandbass"],"orderBy":"267","timestamp":1700085894},"311":{"id":"311","name":"Halloween Dream","author":"BLGN","tags":["#new","#other"],"orderBy":"266","timestamp":1700085894},"312":{"id":"312","name":"Razor Blade","author":"BLGN","price":10,"tags":["#new","#trap"],"orderBy":"268","timestamp":1700085894},"313":{"id":"313","name":"EDM Spin","author":"Andy Brookes","price":10,"tags":["#new","#edm"],"orderBy":"269","timestamp":1700085894},"314":{"id":"314","name":"Serve Chilled","author":"Synthferatu","price":10,"tags":["#new","#hiphop"],"orderBy":"270","timestamp":1700085894},"315":{"id":"315","name":"Dubstep Delight","author":"Andy Brookes","price":10,"tags":["#new","#dubstep"],"orderBy":"271","timestamp":1700085894},"316":{"id":"316","name":"Sunday In Bed","author":"Synthferatu","price":10,"tags":["#new","#house"],"orderBy":"272","timestamp":1700085894},"317":{"id":"317","name":"Trap Shout","author":"Andy Brookes","tags":["#new","#trap"],"orderBy":"273","timestamp":1700085894},"318":{"id":"318","name":"Xmas Drumstep","author":"BLGN","tags":["#new","#drumandbass"],"orderBy":"274","timestamp":1700085894},"319":{"id":"319","name":"Auld School Rock","author":"Andy Brookes","price":10,"tags":["#new","#other"],"orderBy":"275","timestamp":1700085894},"320":{"id":"320","name":"Hip-Hop Dreamer","author":"BLGN","price":10,"tags":["#new","#hiphop"],"orderBy":"276","timestamp":1700085894},"321":{"id":"321","name":"Dreamy Vaporwave","author":"Andy Brookes","price":10,"tags":["#new","#electronic"],"orderBy":"277","timestamp":1700085894},"322":{"id":"322","name":"Dubstep Dive","author":"Andy Brookes","price":10,"tags":["#new","#dubstep"],"orderBy":"278","timestamp":1700085894},"323":{"id":"323","name":"Trap Awakening","author":"Synthferatu","price":10,"tags":["#new","#trap"],"orderBy":"279","timestamp":1700085894},"324":{"id":"324","name":"Dystopian City","author":"Synthferatu","price":10,"tags":["#new","#electronic"],"orderBy":"280","timestamp":1700085894},"325":{"id":"325","name":"DNB Vibes","author":"BLGN","price":10,"tags":["#new","#drumandbass"],"orderBy":"281","timestamp":1700085894},"326":{"id":"326","name":"Old Skool","author":"Andy Brookes","price":10,"tags":["#new","#hiphop"],"orderBy":"282","timestamp":1700085894},"327":{"id":"327","name":"Chiptune Funk","author":"Andy Brookes","price":10,"tags":["#new","#other"],"orderBy":"283","timestamp":1700085894},"328":{"id":"328","name":"Heavenly House","author":"Andy Brookes","price":10,"tags":["#new","#house"],"orderBy":"284","timestamp":1700085894},"329":{"id":"329","name":"Glittering Riddim","author":"Synthferatu","price":10,"tags":["#new","#dubstep"],"orderBy":"285","timestamp":1700085894},"330":{"id":"330","name":"Starchild","author":"Synthferatu","price":10,"tags":["#new","#trap"],"orderBy":"286","timestamp":1700085894},"331":{"id":"331","name":"Chillscape","author":"Andy Brookes","price":10,"tags":["#new","#electronic"],"orderBy":"287","timestamp":1700085894},"332":{"id":"332","name":"Xenomorph","author":"Synthferatu","price":10,"tags":["#new","#drumandbass"],"orderBy":"288","timestamp":1700085894},"333":{"id":"333","name":"Laid-back Lo-Fi","author":"Andy Brookes","price":10,"tags":["#new","#hiphop"],"orderBy":"289","timestamp":1700085894},"334":{"id":"334","name":"Dance Hall","author":"Andy Brookes","price":10,"tags":["#new","#other"],"orderBy":"290","timestamp":1700085894},"335":{"id":"335","name":"Let's Bounce","author":"Synthferatu","price":10,"tags":["#new","#house"],"orderBy":"291","timestamp":1700085894},"336":{"id":"336","name":"Dubstep Overdrive","author":"Andy Brookes","price":10,"tags":["#new","#dubstep"],"orderBy":"292","timestamp":1700085894},"337":{"id":"337","name":"Maharaja Returns","author":"Synthferatu","price":10,"tags":["#new","#trap"],"orderBy":"293","timestamp":1700085894},"338":{"id":"338","name":"Garage Dweller","author":"Synthferatu","price":10,"tags":["#new","#electronic"],"orderBy":"294","timestamp":1700085894},"339":{"id":"339","name":"Melodic DNB","author":"Andy Brookes","price":10,"tags":["#new","#drumandbass"],"orderBy":"295","timestamp":1700085894},"340":{"id":"340","name":"Rain City","author":"Andy Brookes","price":10,"tags":["#new","#hiphop"],"orderBy":"296","timestamp":1700085894},"341":{"id":"341","name":"Dubstep Origins","author":"Andy Brookes","price":10,"tags":["#new","#dubstep"],"orderBy":"297","timestamp":1700085894},"342":{"id":"342","name":"Trap Sonata","author":"Synthferatu","price":10,"tags":["#new","#trap"],"orderBy":"298","timestamp":1700085894},"343":{"id":"343","name":"The Ocean At Twilight","author":"Synthferatu","price":10,"tags":["#new","#other","#electronic"],"orderBy":"299","timestamp":1700085894},"344":{"id":"344","name":"Floating Mirage","author":"Synthferatu","price":10,"tags":["#new","#electronic"],"orderBy":"300","timestamp":1700085894},"345":{"id":"345","name":"DNB Machine","author":"Andy Brookes","tags":["#new","#drumandbass"],"orderBy":"301","timestamp":1700085894},"346":{"id":"346","name":"Cosmic Jam","author":"Andy Brookes","price":10,"tags":["#new","#hiphop"],"orderBy":"302","timestamp":1700085894},"347":{"id":"347","name":"Dubstep Force","author":"Andy Brookes","price":10,"tags":["#new","#dubstep"],"orderBy":"303","timestamp":1700085894},"348":{"id":"348","name":"Haunted House","author":"Synthferatu","price":10,"tags":["#new","#house"],"orderBy":"304","timestamp":1700085894},"349":{"id":"349","name":"Trap Euphoria","author":"Andy Brookes","price":10,"tags":["#new","#trap"],"orderBy":"305","timestamp":1700085894},"350":{"id":"350","name":"Future Riddim","author":"Synthferatu","price":10,"tags":["#new","#dubstep"],"orderBy":"306","timestamp":1700085894},"351":{"id":"351","name":"Horizons","author":"Andy Brookes","price":10,"tags":["#new","#other","#electronic"],"orderBy":"307","timestamp":1700085894},"352":{"id":"352","name":"DNB Empire","author":"Andy Brookes","price":10,"tags":["#new","#drumandbass"],"orderBy":"308","timestamp":1700085894},"353":{"id":"353","name":"Married To The Phonk","author":"Synthferatu","price":10,"tags":["#new","#hiphop"],"orderBy":"309","timestamp":1700085894},"354":{"id":"354","name":"French House","author":"Synthferatu","price":10,"tags":["#new","#house"],"orderBy":"310","timestamp":1700085894},"355":{"id":"355","name":"Lucid Dreams","author":"Andy Brookes","price":10,"tags":["#new","#electronic"],"orderBy":"311","timestamp":1700085894},"356":{"id":"356","name":"Moonshadow Trap","author":"Synthferatu","price":10,"tags":["#new","#trap"],"orderBy":"312","timestamp":1700085894},"357":{"id":"357","name":"Deep Space","author":"Andy Brookes","price":10,"tags":["#new","#drumandbass"],"orderBy":"313","timestamp":1700085894},"358":{"id":"358","name":"The Torn Heart","author":"Synthferatu","price":10,"tags":["#new","#dubstep"],"orderBy":"314","timestamp":1700085894},"359":{"id":"359","name":"Autumn Breeze","author":"Andy Brookes","price":10,"tags":["#new","#other","#hiphop"],"orderBy":"315","timestamp":1700085894},"360":{"id":"360","name":"The Wild House","author":"Synthferatu","price":10,"tags":["#new","#house"],"orderBy":"316","timestamp":1700085894},"361":{"id":"361","name":"Evergreen","author":"Andy Brookes","price":10,"tags":["#new","#other"],"orderBy":"317","timestamp":1700085894},"362":{"id":"362","name":"The Fright Trap","author":"Synthferatu","tags":["#new","#trap"],"orderBy":"318","timestamp":1700085894},"363":{"id":"363","name":"Reggae DNB","author":"Andy Brookes","price":10,"tags":["#new","#drumandbass"],"orderBy":"319","timestamp":1700085894},"364":{"id":"364","name":"Dubstep Traveller","author":"Andy Brookes","price":10,"tags":["#new","#dubstep"],"orderBy":"320","timestamp":1700085894},"365":{"id":"365","name":"Mellow Beats","author":"Synthferatu","price":10,"tags":["#new","#hiphop"],"orderBy":"321","timestamp":1700085894},"366":{"id":"366","name":"Forever United","author":"Andy Brookes","price":10,"tags":["#new","#edm"],"orderBy":"322","timestamp":1700085894},"367":{"id":"367","name":"Skyline Trap","author":"Synthferatu","price":10,"tags":["#new","#trap"],"orderBy":"323","timestamp":1700085894},"368":{"id":"368","name":"Spinning House","author":"Synthferatu","price":10,"tags":["#new","#house"],"orderBy":"324","timestamp":1700085894},"369":{"id":"369","name":"Colossal Dubstep","author":"Andy Brookes","price":10,"tags":["#new","#dubstep"],"orderBy":"325","timestamp":1700085894},"371":{"id":"371","name":"Epic Xmas Trailer","author":"Synthferatu","tags":["#new","#other"],"orderBy":"326","timestamp":1700085894},"372":{"id":"372","name":"Bright DNB","author":"Andy Brookes","tags":["#new","#drumandbass"],"orderBy":"327","timestamp":1700085894},"373":{"id":"373","name":"Above The Clouds","author":"Andy Brookes","price":10,"tags":["#new","#hiphop"],"orderBy":"328","timestamp":1700085894},"374":{"id":"374","name":"Intergalactic 2022","author":"Andy Brookes","price":10,"tags":["#new","#electronic"],"orderBy":"329","timestamp":1700085894},"375":{"id":"375","name":"Heavenly Hardstyle","author":"Synthferatu","price":10,"tags":["#new","#other","#electronic"],"orderBy":"330","timestamp":1700085894},"376":{"id":"376","name":"Wonky Boom Bap","author":"Synthferatu","price":10,"tags":["#new","#hiphop"],"orderBy":"331","timestamp":1700085894},"377":{"id":"377","name":"Dubstep Hunter","author":"Synthferatu","price":10,"tags":["#new","#dubstep"],"orderBy":"332","timestamp":1700085894},"378":{"id":"378","name":"Trap Connection","author":"Andy Brookes","price":10,"tags":["#new","#trap"],"orderBy":"333","timestamp":1700085894},"379":{"id":"379","name":"Dark DNB","author":"Andy Brookes","price":10,"tags":["#new","#drumandbass"],"orderBy":"334","timestamp":1700085894},"380":{"id":"380","name":"Thug Life","author":"Synthferatu","price":10,"tags":["#new","#hiphop"],"orderBy":"335","timestamp":1700085894},"381":{"id":"381","name":"Synth Serenity","author":"Andy Brookes","price":10,"tags":["#new","#electronic"],"orderBy":"336","timestamp":1700085894},"382":{"id":"382","name":"One Love","author":"Andy Brookes","price":10,"tags":["#new","#house"],"orderBy":"337","timestamp":1700085894},"383":{"id":"383","name":"Ephemeral Trap","author":"Synthferatu","price":10,"tags":["#new","#trap"],"orderBy":"338","timestamp":1700085894},"384":{"id":"384","name":"Lazer Bass","author":"Andy Brookes","price":10,"tags":["#new","#dubstep"],"orderBy":"339","timestamp":1700085894},"385":{"id":"385","name":"Street Rebels","author":"Synthferatu","price":10,"tags":["#new","#hiphop"],"orderBy":"340","timestamp":1700085894},"386":{"id":"386","name":"Junglist Movement","author":"Synthferatu","price":10,"tags":["#new","#drumandbass"],"orderBy":"341","timestamp":1700085894},"387":{"id":"387","name":"Passion","author":"Andy Brookes","price":10,"tags":["#new","#house"],"orderBy":"342","timestamp":1700085894},"388":{"id":"388","name":"Trap Shinobi","author":"Synthferatu","price":10,"tags":["#new","#trap"],"orderBy":"343","timestamp":1700085894},"389":{"id":"389","name":"Fireflies","author":"Andy Brookes","price":10,"tags":["#new","#electronic"],"orderBy":"344","timestamp":1700085894},"390":{"id":"390","name":"Sweet Coffee","author":"Synthferatu","price":10,"tags":["#new","#hiphop"],"orderBy":"345","timestamp":1700085894},"391":{"id":"391","name":"Outer Limits","author":"Andy Brookes","price":10,"tags":["#new","#dubstep"],"orderBy":"346","timestamp":1700085894},"392":{"id":"392","name":"Kawaii Trap","author":"Synthferatu","price":10,"tags":["#new","#trap"],"orderBy":"347","timestamp":1700085894},"393":{"id":"393","name":"DNB Damage","author":"Andy Brookes","price":10,"tags":["#new","#drumandbass"],"orderBy":"348","timestamp":1700085894},"394":{"id":"394","name":"Lowrider","author":"Synthferatu","price":10,"tags":["#new","#hiphop"],"orderBy":"349","timestamp":1700085894},"395":{"id":"395","name":"Palm Trees","author":"Andy Brookes","price":10,"tags":["#new","#house"],"orderBy":"350","timestamp":1700085894},"396":{"id":"396","name":"Flatline Trap","author":"Synthferatu","price":10,"tags":["#new","#trap"],"orderBy":"351","timestamp":1700085894},"397":{"id":"397","name":"Reflections","author":"Andy Brookes","price":10,"tags":["#new","#electronic"],"orderBy":"352","timestamp":1700085894},"398":{"id":"398","name":"Dubstep Torment","author":"Synthferatu","price":10,"tags":["#new","#dubstep"],"orderBy":"353","timestamp":1700085894},"399":{"id":"399","name":"Mutant DNB","author":"Synthferatu","price":10,"tags":["#new","#drumandbass"],"orderBy":"354","timestamp":1700085894},"400":{"id":"400","name":"Southern Vibe","author":"Synthferatu","price":10,"tags":["#new","#edm"],"orderBy":"355","timestamp":1700085894},"401":{"id":"401","name":"Shimmering House","author":"Synthferatu","price":10,"tags":["#new","#house"],"orderBy":"356","timestamp":1700085894},"402":{"id":"402","name":"Dawn Breaks","author":"Andy Brookes","price":10,"tags":["#new","#hiphop"],"orderBy":"357","timestamp":1700085894},"403":{"id":"403","name":"Bass Freq","author":"Andy Brookes","price":10,"tags":["#new","#electronic"],"orderBy":"358","timestamp":1700085894},"404":{"id":"404","name":"Night Shade","author":"Andy Brookes","price":10,"tags":["#new","#dubstep"],"orderBy":"359","timestamp":1700085894},"405":{"id":"405","name":"Sorrow Trap","author":"Synthferatu","price":10,"tags":["#new","#trap"],"orderBy":"360","timestamp":1700085894},"406":{"id":"406","name":"Sonic Boom","author":"Andy Brookes","price":10,"tags":["#new","#drumandbass"],"orderBy":"361","timestamp":1700085894},"407":{"id":"407","name":"Labyrinth","author":"Synthferatu","price":10,"tags":["#new","#electronic"],"orderBy":"362","timestamp":1700085894},"408":{"id":"408","name":"Tears In The Rain","author":"Synthferatu","price":10,"tags":["#new","#hiphop"],"orderBy":"363","timestamp":1700085894},"409":{"id":"409","name":"Rock The House","author":"Andy Brookes","price":10,"tags":["#new","#house"],"orderBy":"364","timestamp":1700085894},"410":{"id":"410","name":"Celestial Bass","author":"Andy Brookes","price":10,"tags":["#new","#dubstep"],"orderBy":"365","timestamp":1700085894},"411":{"id":"411","name":"The Rite Of Passage","author":"Synthferatu","price":10,"tags":["#new","#drumandbass"],"orderBy":"366","timestamp":1700085894},"412":{"id":"412","name":"Bass Driver","author":"Andy Brookes","price":10,"tags":["#new","#edm"],"orderBy":"367","timestamp":1700085894},"413":{"id":"413","name":"Hip-Hop Sharpshooter","author":"Synthferatu","price":10,"tags":["#new","#hiphop"],"orderBy":"368","timestamp":1700085894},"414":{"id":"414","name":"Downtown Lights","author":"Andy Brookes","price":10,"tags":["#new","#electronic"],"orderBy":"369","timestamp":1700085894},"415":{"id":"415","name":"House Of The Creeps","author":"Synthferatu","tags":["#new","#other"],"orderBy":"370","timestamp":1700085894},"418":{"id":"418","name":"Metalstep","author":"Andy Brookes","price":10,"tags":["#new","#dubstep"],"orderBy":"371","timestamp":1700085894},"419":{"id":"419","name":"Lunar Landscapes","author":"Andy Brookes","price":10,"tags":["#new","#edm"],"orderBy":"372","timestamp":1700085894},"420":{"id":"420","name":"Mind Racing DNB","author":"Synthferatu","price":10,"tags":["#new","#drumandbass"],"orderBy":"373","timestamp":1700085894},"421":{"id":"421","name":"Ephemeral House","author":"Synthferatu","price":10,"tags":["#new","#house"],"orderBy":"374","timestamp":1700085894},"422":{"id":"422","name":"Daydreamer's Drill","author":"Synthferatu","price":10,"tags":["#new","#hiphop"],"orderBy":"375","timestamp":1700085894},"423":{"id":"423","name":"Shades","author":"Andy Brookes","price":10,"tags":["#new","#electronic"],"orderBy":"376","timestamp":1700085894},"424":{"id":"424","name":"Trap Impact","author":"Andy Brookes","price":10,"tags":["#new","#trap"],"orderBy":"377","timestamp":1700085894},"425":{"id":"425","name":"Lo-Fi Xmas","author":"Synthferatu","tags":["#new","#other","#hiphop"],"orderBy":"378","timestamp":1700085894},"426":{"id":"426","name":"Starfish","author":"Synthferatu","price":10,"tags":["#new","#edm"],"orderBy":"379","timestamp":1700085894},"427":{"id":"427","name":"Serpent King","author":"Synthferatu","price":10,"tags":["#new","#dubstep"],"orderBy":"380","timestamp":1700085894},"428":{"id":"428","name":"DNB Evolution","author":"Andy Brookes","price":10,"tags":["#new","#drumandbass"],"orderBy":"381","timestamp":1700085894},"430":{"id":"430","name":"Heart Beatz","author":"Andy Brookes","price":10,"tags":["#new","#house"],"orderBy":"382","timestamp":1700085894},"431":{"id":"431","name":"Cat Meadows","author":"Synthferatu","price":10,"tags":["#new","#hiphop"],"orderBy":"383","timestamp":1700085894},"432":{"id":"432","name":"Sunset Cruise","author":"Andy Brookes","price":10,"tags":["#new","#electronic"],"orderBy":"384","timestamp":1700085894},"433":{"id":"433","name":"Faded Out Trap","author":"Synthferatu","price":10,"tags":["#new","#trap"],"orderBy":"385","timestamp":1700085894},"434":{"id":"434","name":"Bass Vortex","author":"Andy Brookes","price":10,"tags":["#new","#edm"],"orderBy":"386","timestamp":1700085894},"435":{"id":"435","name":"High Noon Dubstep","author":"Synthferatu","price":10,"tags":["#new","#dubstep"],"orderBy":"387","timestamp":1700085894},"436":{"id":"436","name":"Pristine DNB","author":"Synthferatu","price":10,"tags":["#new","#drumandbass"],"orderBy":"388","timestamp":1700085894},"437":{"id":"437","name":"Jumping House","author":"Andy Brookes","price":10,"tags":["#new","#house"],"orderBy":"389","timestamp":1700085894},"438":{"id":"438","name":"Phonkadelic","author":"Synthferatu","price":10,"tags":["#new","#hiphop"],"orderBy":"390","timestamp":1700085894},"439":{"id":"439","name":"Synchronicity","author":"Andy Brookes","price":10,"tags":["#new","#electronic"],"orderBy":"391","timestamp":1700085894},"440":{"id":"440","name":"Bass Bomber","author":"Synthferatu","price":10,"tags":["#new","#edm"],"orderBy":"392","timestamp":1700085894},"441":{"id":"441","name":"Bass Hyperdrive","author":"Andy Brookes","price":10,"tags":["#new","#dubstep"],"orderBy":"393","timestamp":1700085894},"442":{"id":"442","name":"Onigiri","author":"Synthferatu","price":10,"tags":["#new","#trap"],"orderBy":"394","timestamp":1700085894},"443":{"id":"443","name":"DNB Immersion","author":"Andy Brookes","price":10,"tags":["#new","#drumandbass"],"orderBy":"395","timestamp":1700085894},"444":{"id":"444","name":"House Fever","author":"Synthferatu","price":10,"tags":["#new","#house"],"orderBy":"396","timestamp":1700085894},"445":{"id":"445","name":"Basement Beats","author":"Andy Brookes","price":10,"tags":["#new","#hiphop"],"orderBy":"397","timestamp":1700085894},"446":{"id":"446","name":"The Wild Obsessions","author":"Synthferatu","price":10,"tags":["#new","#electronic"],"orderBy":"398","timestamp":1700085894},"447":{"id":"447","name":"Lift Me Up","author":"Andy Brookes","price":10,"tags":["#new","#edm"],"orderBy":"399","timestamp":1700085894},"448":{"id":"448","name":"Forgotten Time","author":"Synthferatu","price":10,"tags":["#new","#dubstep"],"orderBy":"400","timestamp":1700085894},"449":{"id":"449","name":"Starman","author":"Synthferatu","price":10,"tags":["#new","#trap"],"orderBy":"401","timestamp":1700085894},"450":{"id":"450","name":"DNB Supernova","author":"Andy Brookes","price":10,"tags":["#new","#drumandbass"],"orderBy":"402","timestamp":1700085894},"451":{"id":"451","name":"The House You Need","author":"Synthferatu","price":10,"tags":["#new","#house"],"orderBy":"403","timestamp":1700085894},"452":{"id":"452","name":"Close Your Eyes","author":"Andy Brookes","price":10,"tags":["#new","#hiphop"],"orderBy":"404","timestamp":1700085894},"453":{"id":"453","name":"Midnight Sun","author":"Andy Brookes","price":10,"tags":["#new","#electronic"],"orderBy":"405","timestamp":1700085894},"454":{"id":"454","name":"Trap Concerto","author":"Synthferatu","price":10,"tags":["#new","#trap"],"orderBy":"406","timestamp":1700085894},"455":{"id":"455","name":"Bass Rupture","author":"Andy Brookes","price":10,"tags":["#new","#dubstep"],"orderBy":"407","timestamp":1700085894},"456":{"id":"456","name":"Labour Of Love","author":"Synthferatu","price":10,"tags":["#new","#edm"],"orderBy":"408","timestamp":1700085894},"457":{"id":"457","name":"DNB Squadron","author":"Andy Brookes","price":10,"tags":["#new","#drumandbass"],"orderBy":"409","timestamp":1700085894},"458":{"id":"458","name":"Phonk Swag","author":"Synthferatu","price":10,"tags":["#new","#hiphop"],"orderBy":"410","timestamp":1700085894},"459":{"id":"459","name":"Polestar","author":"Andy Brookes","price":10,"tags":["#new","#electronic"],"orderBy":"411","timestamp":1700085894},"460":{"id":"460","name":"Drill Elegance","author":"Synthferatu","price":10,"tags":["#new","#trap"],"orderBy":"412","timestamp":1700085894},"461":{"id":"461","name":"Hi-Fi Sushi","author":"Synthferatu","price":10,"tags":["#new","#edm"],"orderBy":"413","timestamp":1700085894},"462":{"id":"462","name":"Riddim Roller","author":"Andy Brookes","price":10,"tags":["#new","#dubstep"],"orderBy":"414","timestamp":1700085894},"463":{"id":"463","name":"DNB Roll Out","author":"Synthferatu","price":10,"tags":["#new","#drumandbass"],"orderBy":"415","timestamp":1700085894},"464":{"id":"464","name":"Full Throttle House","author":"Synthferatu","price":10,"tags":["#new","#house"],"orderBy":"416","timestamp":1700085894},"465":{"id":"465","name":"Catch A Groove","author":"Andy Brookes","price":10,"tags":["#new","#hiphop"],"orderBy":"417","timestamp":1700085894},"466":{"id":"466","name":"Heartbroken Trap","author":"Synthferatu","price":10,"tags":["#new","#trap"],"orderBy":"418","timestamp":1700085894},"467":{"id":"467","name":"Life Forms","author":"Synthferatu","price":10,"tags":["#new","#electronic"],"orderBy":"419","timestamp":1700085894},"468":{"id":"468","name":"Neon EDM","author":"Andy Brookes","price":10,"tags":["#new","#edm"],"orderBy":"420","timestamp":1700085894},"469":{"id":"469","name":"Fractured Dubstep","author":"Andy Brookes","price":10,"tags":["#new","#dubstep"],"orderBy":"421","timestamp":1700085894},"470":{"id":"470","name":"Halloween 2023","author":"Synthferatu","price":10,"tags":["#new","#trap","#other"],"orderBy":"422","timestamp":1700085894},"471":{"id":"471","name":"Bass Jump","author":"Andy Brookes","price":10,"tags":["#new","#drumandbass"],"orderBy":"423","timestamp":1700085894},"472":{"id":"472","name":"Deeper Love","author":"Synthferatu","price":10,"tags":["#new","#house"],"orderBy":"424","timestamp":1700085894},"473":{"id":"473","name":"Pixel Fountain","author":"Synthferatu","price":10,"tags":["#new","#electronic"],"orderBy":"425","timestamp":1700085894}}}